<ImportExportXml version="9.1.0.22242" SolutionPackageVersion="9.1" languagecode="1033" generatedBy="CrmLive" xmlns:xsi="http://www.w3.org/2001/XMLSchema-instance">
  <SolutionManifest>
    <UniqueName>TestSolution</UniqueName>
    <LocalizedNames>
      <LocalizedName description="TestSolution" languagecode="1033" />
    </LocalizedNames>
    <Descriptions />
    <Version>1.0.1</Version>
    <Managed>0</Managed>
    <Publisher>
      <UniqueName>DefaultPublisheryuriybarttestcompanyname</UniqueName>
      <LocalizedNames>
        <LocalizedName description="Default Publisher for yuriybarttestcompanyname" languagecode="1033" />
      </LocalizedNames>
      <Descriptions>
        <Description description="Default publisher for this organization" languagecode="1033" />
      </Descriptions>
      <EMailAddress xsi:nil="true"></EMailAddress>
      <SupportingWebsiteUrl xsi:nil="true"></SupportingWebsiteUrl>
      <CustomizationPrefix>new</CustomizationPrefix>
      <CustomizationOptionValuePrefix>10000</CustomizationOptionValuePrefix>
      <Addresses>
        <Address>
          <AddressNumber>1</AddressNumber>
          <AddressTypeCode xsi:nil="true"></AddressTypeCode>
          <City xsi:nil="true"></City>
          <County xsi:nil="true"></County>
          <Country xsi:nil="true"></Country>
          <Fax xsi:nil="true"></Fax>
          <FreightTermsCode xsi:nil="true"></FreightTermsCode>
          <ImportSequenceNumber xsi:nil="true"></ImportSequenceNumber>
          <Latitude xsi:nil="true"></Latitude>
          <Line1 xsi:nil="true"></Line1>
          <Line2 xsi:nil="true"></Line2>
          <Line3 xsi:nil="true"></Line3>
          <Longitude xsi:nil="true"></Longitude>
          <Name xsi:nil="true"></Name>
          <PostalCode xsi:nil="true"></PostalCode>
          <PostOfficeBox xsi:nil="true"></PostOfficeBox>
          <PrimaryContactName xsi:nil="true"></PrimaryContactName>
          <ShippingMethodCode xsi:nil="true"></ShippingMethodCode>
          <StateOrProvince xsi:nil="true"></StateOrProvince>
          <Telephone1 xsi:nil="true"></Telephone1>
          <Telephone2 xsi:nil="true"></Telephone2>
          <Telephone3 xsi:nil="true"></Telephone3>
          <TimeZoneRuleVersionNumber xsi:nil="true"></TimeZoneRuleVersionNumber>
          <UPSZone xsi:nil="true"></UPSZone>
          <UTCOffset xsi:nil="true"></UTCOffset>
          <UTCConversionTimeZoneCode xsi:nil="true"></UTCConversionTimeZoneCode>
        </Address>
        <Address>
          <AddressNumber>2</AddressNumber>
          <AddressTypeCode xsi:nil="true"></AddressTypeCode>
          <City xsi:nil="true"></City>
          <County xsi:nil="true"></County>
          <Country xsi:nil="true"></Country>
          <Fax xsi:nil="true"></Fax>
          <FreightTermsCode xsi:nil="true"></FreightTermsCode>
          <ImportSequenceNumber xsi:nil="true"></ImportSequenceNumber>
          <Latitude xsi:nil="true"></Latitude>
          <Line1 xsi:nil="true"></Line1>
          <Line2 xsi:nil="true"></Line2>
          <Line3 xsi:nil="true"></Line3>
          <Longitude xsi:nil="true"></Longitude>
          <Name xsi:nil="true"></Name>
          <PostalCode xsi:nil="true"></PostalCode>
          <PostOfficeBox xsi:nil="true"></PostOfficeBox>
          <PrimaryContactName xsi:nil="true"></PrimaryContactName>
          <ShippingMethodCode xsi:nil="true"></ShippingMethodCode>
          <StateOrProvince xsi:nil="true"></StateOrProvince>
          <Telephone1 xsi:nil="true"></Telephone1>
          <Telephone2 xsi:nil="true"></Telephone2>
          <Telephone3 xsi:nil="true"></Telephone3>
          <TimeZoneRuleVersionNumber xsi:nil="true"></TimeZoneRuleVersionNumber>
          <UPSZone xsi:nil="true"></UPSZone>
          <UTCOffset xsi:nil="true"></UTCOffset>
          <UTCConversionTimeZoneCode xsi:nil="true"></UTCConversionTimeZoneCode>
        </Address>
      </Addresses>
    </Publisher>
    <RootComponents>
      <RootComponent type="1" schemaName="account" behavior="2" />
      <RootComponent type="60" id="{e248ccda-4ef8-ea11-a815-000d3abb27a6}" behavior="0" />
      <RootComponent type="91" id="{4f4a1af7-4b85-41e8-9587-dd636cfbb67d}" schemaName="BArtTestPlug, Version=1.0.0.0, Culture=neutral, PublicKeyToken=9d499bbdf7ff933b" behavior="0" />
      <RootComponent type="91" id="{3bf8838b-25e6-488f-85b7-f5ac68ca897e}" schemaName="BArtTestPlug.Update, Version=1.0.0.0, Culture=neutral, PublicKeyToken=a77b7093dc24234f" behavior="0" />
    </RootComponents>
    <MissingDependencies>
      <MissingDependency>
        <Required key="0" type="1" schemaName="msdyn_accountpricelist" displayName="Account Project Price List" solution="ProjectService (3.10.0.31)" />
        <Dependent key="1" type="60" displayName=" головна форма" parentDisplayName="Account" id="{e248ccda-4ef8-ea11-a815-000d3abb27a6}" />
      </MissingDependency>
      <MissingDependency>
        <Required key="2" type="2" schemaName="msdyn_workorderinstructions" displayName="Work Order Instructions" parentSchemaName="account" parentDisplayName="Account" solution="FieldService (8.8.0.88)" />
        <Dependent key="1" type="60" displayName=" головна форма" parentDisplayName="Account" id="{e248ccda-4ef8-ea11-a815-000d3abb27a6}" />
      </MissingDependency>
      <MissingDependency>
        <Required key="3" type="2" schemaName="msdyn_workhourtemplate" displayName="Work Hour Template" parentSchemaName="account" parentDisplayName="Account" solution="FieldService (8.8.0.88)" />
        <Dependent key="1" type="60" displayName=" головна форма" parentDisplayName="Account" id="{e248ccda-4ef8-ea11-a815-000d3abb27a6}" />
      </MissingDependency>
      <MissingDependency>
        <Required key="4" type="2" schemaName="msdyn_billingaccount" displayName="Billing Account" parentSchemaName="account" parentDisplayName="Account" solution="FieldServiceCommon (1.0.0.76)" />
        <Dependent key="1" type="60" displayName=" головна форма" parentDisplayName="Account" id="{e248ccda-4ef8-ea11-a815-000d3abb27a6}" />
      </MissingDependency>
      <MissingDependency>
        <Required key="5" type="2" schemaName="msdyn_taxexempt" displayName="Tax Exempt" parentSchemaName="account" parentDisplayName="Account" solution="FieldServiceCommon (1.0.0.76)" />
        <Dependent key="1" type="60" displayName=" головна форма" parentDisplayName="Account" id="{e248ccda-4ef8-ea11-a815-000d3abb27a6}" />
      </MissingDependency>
      <MissingDependency>
        <Required key="6" type="2" schemaName="msdyn_serviceterritory" displayName="Service Territory" parentSchemaName="account" parentDisplayName="Account" solution="FieldService (8.8.0.88)" />
        <Dependent key="1" type="60" displayName=" головна форма" parentDisplayName="Account" id="{e248ccda-4ef8-ea11-a815-000d3abb27a6}" />
      </MissingDependency>
      <MissingDependency>
        <Required key="7" type="2" schemaName="msdyn_salestaxcode" displayName="Sales Tax Code" parentSchemaName="account" parentDisplayName="Account" solution="FieldService (8.8.0.88)" />
        <Dependent key="1" type="60" displayName=" головна форма" parentDisplayName="Account" id="{e248ccda-4ef8-ea11-a815-000d3abb27a6}" />
      </MissingDependency>
      <MissingDependency>
        <Required key="8" type="2" schemaName="msdyn_travelchargetype" displayName="Travel Charge Type" parentSchemaName="account" parentDisplayName="Account" solution="FieldService (8.8.0.88)" />
        <Dependent key="1" type="60" displayName=" головна форма" parentDisplayName="Account" id="{e248ccda-4ef8-ea11-a815-000d3abb27a6}" />
      </MissingDependency>
      <MissingDependency>
        <Required key="9" type="2" schemaName="msdyn_travelcharge" displayName="Travel Charge" parentSchemaName="account" parentDisplayName="Account" solution="FieldService (8.8.0.88)" />
        <Dependent key="1" type="60" displayName=" головна форма" parentDisplayName="Account" id="{e248ccda-4ef8-ea11-a815-000d3abb27a6}" />
      </MissingDependency>
      <MissingDependency>
        <Required key="10" type="2" schemaName="defaultpricelevelid" displayName="Product Price List" parentSchemaName="account" parentDisplayName="Account" solution="msdynce_ProductManagement (9.0.4.0066)" />
        <Dependent key="1" type="60" displayName=" головна форма" parentDisplayName="Account" id="{e248ccda-4ef8-ea11-a815-000d3abb27a6}" />
      </MissingDependency>
      <MissingDependency>
        <Required key="11" type="2" schemaName="msdyn_taxexemptnumber" displayName="Tax Exempt Number" parentSchemaName="account" parentDisplayName="Account" solution="FieldServiceCommon (1.0.0.76)" />
        <Dependent key="1" type="60" displayName=" головна форма" parentDisplayName="Account" id="{e248ccda-4ef8-ea11-a815-000d3abb27a6}" />
      </MissingDependency>
      <MissingDependency>
        <Required key="12" type="10" schemaName="msdyn_account_msdyn_customerasset_Account" displayName="msdyn_account_msdyn_customerasset_Account" parentSchemaName="msdyn_customerasset" parentDisplayName="Customer Asset" solution="msdyn_AssetCommon (1.0.0.91)" />
        <Dependent key="1" type="60" displayName=" головна форма" parentDisplayName="Account" id="{e248ccda-4ef8-ea11-a815-000d3abb27a6}" />
      </MissingDependency>
      <MissingDependency>
        <Required key="13" type="10" schemaName="msdyn_account_msdyn_workorder_BillingAccount" displayName="msdyn_account_msdyn_workorder_BillingAccount" parentSchemaName="account" parentDisplayName="Account" solution="FieldService (8.8.0.88)" />
        <Dependent key="1" type="60" displayName=" головна форма" parentDisplayName="Account" id="{e248ccda-4ef8-ea11-a815-000d3abb27a6}" />
      </MissingDependency>
      <MissingDependency>
        <Required key="14" type="10" schemaName="msdyn_account_msdyn_purchaseorder_Vendor" displayName="msdyn_account_msdyn_purchaseorder_Vendor" parentSchemaName="account" parentDisplayName="Account" solution="FieldService (8.8.0.88)" />
        <Dependent key="1" type="60" displayName=" головна форма" parentDisplayName="Account" id="{e248ccda-4ef8-ea11-a815-000d3abb27a6}" />
      </MissingDependency>
      <MissingDependency>
        <Required key="15" type="10" schemaName="msdyn_account_msdyn_rma_ServiceAccount" displayName="msdyn_account_msdyn_rma_ServiceAccount" parentSchemaName="account" parentDisplayName="Account" solution="FieldService (8.8.0.88)" />
        <Dependent key="1" type="60" displayName=" головна форма" parentDisplayName="Account" id="{e248ccda-4ef8-ea11-a815-000d3abb27a6}" />
      </MissingDependency>
      <MissingDependency>
        <Required key="16" type="10" schemaName="msdyn_msdyn_workhourtemplate_account_workhourtemplate" displayName="msdyn_msdyn_workhourtemplate_account_workhourtemplate" parentSchemaName="msdyn_workhourtemplate" parentDisplayName="Work template" solution="FieldService (8.8.0.88)" />
        <Dependent key="1" type="60" displayName=" головна форма" parentDisplayName="Account" id="{e248ccda-4ef8-ea11-a815-000d3abb27a6}" />
      </MissingDependency>
      <MissingDependency>
        <Required key="17" type="10" schemaName="msdyn_account_msdyn_project_Customer" displayName="msdyn_account_msdyn_project_Customer" parentSchemaName="account" parentDisplayName="Account" solution="ProjectService (3.10.0.31)" />
        <Dependent key="1" type="60" displayName=" головна форма" parentDisplayName="Account" id="{e248ccda-4ef8-ea11-a815-000d3abb27a6}" />
      </MissingDependency>
      <MissingDependency>
        <Required key="18" type="10" schemaName="msdyn_account_msdyn_rma_BillingAccount" displayName="msdyn_account_msdyn_rma_BillingAccount" parentSchemaName="account" parentDisplayName="Account" solution="FieldService (8.8.0.88)" />
        <Dependent key="1" type="60" displayName=" головна форма" parentDisplayName="Account" id="{e248ccda-4ef8-ea11-a815-000d3abb27a6}" />
      </MissingDependency>
      <MissingDependency>
        <Required key="19" type="10" schemaName="msdyn_account_account_BillingAccount" displayName="msdyn_account_account_BillingAccount" parentSchemaName="account" parentDisplayName="Account" solution="FieldServiceCommon (1.0.0.76)" />
        <Dependent key="1" type="60" displayName=" головна форма" parentDisplayName="Account" id="{e248ccda-4ef8-ea11-a815-000d3abb27a6}" />
      </MissingDependency>
      <MissingDependency>
        <Required key="20" type="10" schemaName="msdyn_account_msdyn_accountpricelist_Account" displayName="msdyn_account_msdyn_accountpricelist_Account" parentSchemaName="account" parentDisplayName="Account" solution="ProjectService (3.10.0.31)" />
        <Dependent key="1" type="60" displayName=" головна форма" parentDisplayName="Account" id="{e248ccda-4ef8-ea11-a815-000d3abb27a6}" />
      </MissingDependency>
      <MissingDependency>
        <Required key="21" type="10" schemaName="msdyn_account_msdyn_rtv_Vendor" displayName="msdyn_account_msdyn_rtv_Vendor" parentSchemaName="account" parentDisplayName="Account" solution="FieldService (8.8.0.88)" />
        <Dependent key="1" type="60" displayName=" головна форма" parentDisplayName="Account" id="{e248ccda-4ef8-ea11-a815-000d3abb27a6}" />
      </MissingDependency>
      <MissingDependency>
        <Required key="22" type="10" schemaName="msdyn_account_msdyn_agreement_ServiceAccount" displayName="msdyn_account_msdyn_agreement_ServiceAccount" parentSchemaName="account" parentDisplayName="Account" solution="FieldService (8.8.0.88)" />
        <Dependent key="1" type="60" displayName=" головна форма" parentDisplayName="Account" id="{e248ccda-4ef8-ea11-a815-000d3abb27a6}" />
      </MissingDependency>
      <MissingDependency>
        <Required key="23" type="10" schemaName="msdyn_territory_account_ServiceTerritory" displayName="msdyn_territory_account_ServiceTerritory" parentSchemaName="territory" parentDisplayName="Territory" solution="FieldService (8.8.0.88)" />
        <Dependent key="1" type="60" displayName=" головна форма" parentDisplayName="Account" id="{e248ccda-4ef8-ea11-a815-000d3abb27a6}" />
      </MissingDependency>
      <MissingDependency>
        <Required key="24" type="10" schemaName="msdyn_account_msdyn_workorder_ServiceAccount" displayName="msdyn_account_msdyn_workorder_ServiceAccount" parentSchemaName="account" parentDisplayName="Account" solution="FieldService (8.8.0.88)" />
        <Dependent key="1" type="60" displayName=" головна форма" parentDisplayName="Account" id="{e248ccda-4ef8-ea11-a815-000d3abb27a6}" />
      </MissingDependency>
      <MissingDependency>
        <Required key="25" type="10" schemaName="msdyn_msdyn_taxcode_account_SalesTaxCode" displayName="msdyn_msdyn_taxcode_account_SalesTaxCode" parentSchemaName="msdyn_taxcode" parentDisplayName="Tax Code" solution="FieldService (8.8.0.88)" />
        <Dependent key="1" type="60" displayName=" головна форма" parentDisplayName="Account" id="{e248ccda-4ef8-ea11-a815-000d3abb27a6}" />
      </MissingDependency>
      <MissingDependency>
        <Required key="26" type="10" schemaName="msdyn_account_msdyn_agreement_BillingAccount" displayName="msdyn_account_msdyn_agreement_BillingAccount" parentSchemaName="account" parentDisplayName="Account" solution="FieldService (8.8.0.88)" />
        <Dependent key="1" type="60" displayName=" головна форма" parentDisplayName="Account" id="{e248ccda-4ef8-ea11-a815-000d3abb27a6}" />
      </MissingDependency>
      <MissingDependency>
        <Required key="27" type="10" schemaName="msdyn_account_msdyn_payment_Account" displayName="msdyn_account_msdyn_payment_Account" parentSchemaName="account" parentDisplayName="Account" solution="FieldService (8.8.0.88)" />
        <Dependent key="1" type="60" displayName=" головна форма" parentDisplayName="Account" id="{e248ccda-4ef8-ea11-a815-000d3abb27a6}" />
      </MissingDependency>
      <MissingDependency>
        <Required key="28" type="26" schemaName="Active Project Price Lists" displayName="Active Project Price Lists" parentSchemaName="msdyn_accountpricelist" parentDisplayName="Account Project Price List" solution="ProjectService (3.10.0.31)" id="{9e8bd99a-72e8-49fe-8c6f-ec1ac8407f5a}" />
        <Dependent key="1" type="60" displayName=" головна форма" parentDisplayName="Account" id="{e248ccda-4ef8-ea11-a815-000d3abb27a6}" />
      </MissingDependency>
      <MissingDependency>
        <Required key="29" type="60" displayName="account contact card" parentDisplayName="Contact" solution="msdynce_AppCommon (9.0.4.0066)" id="{29de27bc-a257-4f29-99cf-bab4a84e688f}" />
        <Dependent key="1" type="60" displayName=" головна форма" parentDisplayName="Account" id="{e248ccda-4ef8-ea11-a815-000d3abb27a6}" />
      </MissingDependency>
      <MissingDependency>
        <Required key="30" type="66" schemaName="MscrmControls.CardFeedContainer.CardFeedContainer" displayName="MscrmControls.CardFeedContainer.CardFeedContainer" solution="BaseCustomControlsCore (9.0.2008.3011)" />
        <Dependent key="1" type="60" displayName=" головна форма" parentDisplayName="Account" id="{e248ccda-4ef8-ea11-a815-000d3abb27a6}" />
      </MissingDependency>
      <MissingDependency>
        <Required key="31" type="61" schemaName="msdyn_/Utils/FieldServiceTrial.js" displayName="msdyn_/Utils/FieldServiceTrial.js" solution="FieldService (8.8.0.88)" />
        <Dependent key="1" type="60" displayName=" головна форма" parentDisplayName="Account" id="{e248ccda-4ef8-ea11-a815-000d3abb27a6}" />
      </MissingDependency>
      <MissingDependency>
        <Required key="32" type="61" schemaName="msdyn_/Libraries/require/require.js" displayName="msdyn_/Libraries/require/require.js" solution="ProjectService (3.10.0.31)" />
        <Dependent key="1" type="60" displayName=" головна форма" parentDisplayName="Account" id="{e248ccda-4ef8-ea11-a815-000d3abb27a6}" />
      </MissingDependency>
      <MissingDependency>
        <Required key="33" type="61" schemaName="msdyn_/Account/Account.Library.js" displayName="msdyn_/Account/Account.Library.js" solution="FieldService (8.8.0.88)" />
        <Dependent key="1" type="60" displayName=" головна форма" parentDisplayName="Account" id="{e248ccda-4ef8-ea11-a815-000d3abb27a6}" />
      </MissingDependency>
    </MissingDependencies>
  </SolutionManifest>
</ImportExportXml>